MUNICÍPIO;ESTADO;ISOPLETA
ACRELÂNDIA;ACRE;30m/s
ASSIS BRASIL;ACRE;30m/s
BRASILÉIA;ACRE;30m/s
BUJARI;ACRE;30m/s
CAPIXABA;ACRE;30m/s
CRUZEIRO DO SUL;ACRE;30m/s
EPITACIOLÂNDIA;ACRE;30m/s
FEIJÓ;ACRE;30m/s
JORDÃO;ACRE;30m/s
MÂNCIO LIMA;ACRE;30m/s
MANOEL URBANO;ACRE;30m/s
MARECHAL THAUMATURGO;ACRE;30m/s
PLÁCIDO DE CASTRO;ACRE;30m/s
PORTO ACRE;ACRE;30m/s
PORTO WALTER;ACRE;30m/s
RIO BRANCO;ACRE;30m/s
RODRIGUES ALVES;ACRE;30m/s
SANTA ROSA DO PURUS;ACRE;30m/s
SENA MADUREIRA;ACRE;30m/s
SENADOR GUIOMARD;ACRE;30m/s
TARAUACÁ;ACRE;30m/s
XAPURI;ACRE;30m/s
ÁGUA BRANCA;ALAGOAS;30m/s
ANADIA;ALAGOAS;30m/s
ARAPIRACA;ALAGOAS;30m/s
ATALAIA;ALAGOAS;30m/s
BARRA DE SANTO ANTÔNIO;ALAGOAS;30m/s
BARRA DE SÃO MIGUEL;ALAGOAS;30m/s
BATALHA;ALAGOAS;30m/s
BELÉM;ALAGOAS;30m/s
BELO MONTE;ALAGOAS;30m/s
BOCA DA MATA;ALAGOAS;30m/s
BRANQUINHA;ALAGOAS;30m/s
CACIMBINHAS;ALAGOAS;30m/s
CAJUEIRO;ALAGOAS;30m/s
CAMPESTRE;ALAGOAS;30m/s
CAMPO ALEGRE;ALAGOAS;30m/s
CAMPO GRANDE;ALAGOAS;30m/s
CANAPI;ALAGOAS;30m/s
CAPELA;ALAGOAS;30m/s
CARNEIROS;ALAGOAS;30m/s
CHÃ PRETA;ALAGOAS;30m/s
COITÉ DO NÓIA;ALAGOAS;30m/s
COLÔNIA LEOPOLDINA;ALAGOAS;30m/s
COQUEIRO SECO;ALAGOAS;30m/s
CORURIPE;ALAGOAS;30m/s
CRAÍBAS;ALAGOAS;30m/s
DELMIRO GOUVEIA;ALAGOAS;30m/s
DOIS RIACHOS;ALAGOAS;30m/s
ESTRELA DE ALAGOAS;ALAGOAS;30m/s
FEIRA GRANDE;ALAGOAS;30m/s
FELIZ DESERTO;ALAGOAS;30m/s
FLEXEIRAS;ALAGOAS;30m/s
GIRAU DO PONCIANO;ALAGOAS;30m/s
IBATEGUARA;ALAGOAS;30m/s
IGACI;ALAGOAS;30m/s
IGREJA NOVA;ALAGOAS;30m/s
INHAPI;ALAGOAS;30m/s
JACARÉ DOS HOMENS;ALAGOAS;30m/s
JACUÍPE;ALAGOAS;30m/s
JAPARATINGA;ALAGOAS;30m/s
JARAMATAIA;ALAGOAS;30m/s
JEQUIÁ DA PRAIA;ALAGOAS;30m/s
JOAQUIM GOMES;ALAGOAS;30m/s
JUNDIÁ;ALAGOAS;30m/s
JUNQUEIRO;ALAGOAS;30m/s
LAGOA DA CANOA;ALAGOAS;30m/s
LIMOEIRO DE ANADIA;ALAGOAS;30m/s
MACEIÓ;ALAGOAS;30m/s
MAJOR ISIDORO;ALAGOAS;30m/s
MAR VERMELHO;ALAGOAS;30m/s
MARAGOGI;ALAGOAS;30m/s
MARAVILHA;ALAGOAS;30m/s
MARECHAL DEODORO;ALAGOAS;30m/s
MARIBONDO;ALAGOAS;30m/s
MATA GRANDE;ALAGOAS;30m/s
MATRIZ DE CAMARAGIBE;ALAGOAS;30m/s
MESSIAS;ALAGOAS;30m/s
MINADOR DO NEGRÃO;ALAGOAS;30m/s
MONTEIRÓPOLIS;ALAGOAS;30m/s
MURICI;ALAGOAS;30m/s
NOVO LINO;ALAGOAS;30m/s
OLHO D'ÁGUA DAS FLORES;ALAGOAS;30m/s
OLHO D'ÁGUA DO CASADO;ALAGOAS;30m/s
OLHO D'ÁGUA GRANDE;ALAGOAS;30m/s
OLIVENÇA;ALAGOAS;30m/s
OURO BRANCO;ALAGOAS;30m/s
PALESTINA;ALAGOAS;30m/s
PALMEIRA DOS ÍNDIOS;ALAGOAS;30m/s
PÃO DE AÇÚCAR;ALAGOAS;30m/s
PARICONHA;ALAGOAS;30m/s
PARIPUEIRA;ALAGOAS;30m/s
PASSO DE CAMARAGIBE;ALAGOAS;30m/s
PAULO JACINTO;ALAGOAS;30m/s
PENEDO;ALAGOAS;30m/s
PIAÇABUÇU;ALAGOAS;30m/s
PILAR;ALAGOAS;30m/s
PINDOBA;ALAGOAS;30m/s
PIRANHAS;ALAGOAS;30m/s
POÇO DAS TRINCHEIRAS;ALAGOAS;30m/s
PORTO CALVO;ALAGOAS;30m/s
PORTO DE PEDRAS;ALAGOAS;30m/s
PORTO REAL DO COLÉGIO;ALAGOAS;30m/s
QUEBRANGULO;ALAGOAS;30m/s
RIO LARGO;ALAGOAS;30m/s
ROTEIRO;ALAGOAS;30m/s
SANTA LUZIA DO NORTE;ALAGOAS;30m/s
SANTANA DO IPANEMA;ALAGOAS;30m/s
SANTANA DO MUNDAÚ;ALAGOAS;30m/s
SÃO BRÁS;ALAGOAS;30m/s
SÃO JOSÉ DA LAJE;ALAGOAS;30m/s
SÃO JOSÉ DA TAPERA;ALAGOAS;30m/s
SÃO LUÍS DO QUITUNDE;ALAGOAS;30m/s
SÃO MIGUEL DOS CAMPOS;ALAGOAS;30m/s
SÃO MIGUEL DOS MILAGRES;ALAGOAS;30m/s
SÃO SEBASTIÃO;ALAGOAS;30m/s
SATUBA;ALAGOAS;30m/s
SENADOR RUI PALMEIRA;ALAGOAS;30m/s
TANQUE D'ARCA;ALAGOAS;30m/s
TAQUARANA;ALAGOAS;30m/s
TEOTÔNIO VILELA;ALAGOAS;30m/s
TRAIPU;ALAGOAS;30m/s
UNIÃO DOS PALMARES;ALAGOAS;30m/s
VIÇOSA;ALAGOAS;30m/s
AMAPÁ;AMAPÁ;30m/s
CALÇOENE;AMAPÁ;30m/s
CUTIAS;AMAPÁ;30m/s
FERREIRA GOMES;AMAPÁ;30m/s
ITAUBAL;AMAPÁ;30m/s
LARANJAL DO JARI;AMAPÁ;30m/s
MACAPÁ;AMAPÁ;30m/s
MAZAGÃO;AMAPÁ;30m/s
OIAPOQUE;AMAPÁ;30m/s
PEDRA BRANCA DO AMAPARI;AMAPÁ;30m/s
PORTO GRANDE;AMAPÁ;30m/s
PRACUÚBA;AMAPÁ;30m/s
SANTANA;AMAPÁ;30m/s
SERRA DO NAVIO;AMAPÁ;30m/s
TARTARUGALZINHO;AMAPÁ;30m/s
VITÓRIA DO JARI;AMAPÁ;30m/s
ALVARÃES;AMAZONAS;35m/s
AMATURÁ;AMAZONAS;30m/s
ANAMÃ;AMAZONAS;30m/s
ANORI;AMAZONAS;30m/s
APUÍ;AMAZONAS;30m/s
ATALAIA DO NORTE;AMAZONAS;30m/s
AUTAZES;AMAZONAS;30m/s
BARCELOS;AMAZONAS;35m/s
BARREIRINHA;AMAZONAS;30m/s
BENJAMIN CONSTANT;AMAZONAS;30m/s
BERURI;AMAZONAS;30m/s
BOA VISTA DO RAMOS;AMAZONAS;30m/s
BOCA DO ACRE;AMAZONAS;30m/s
BORBA;AMAZONAS;30m/s
CAAPIRANGA;AMAZONAS;30m/s
CANUTAMA;AMAZONAS;30m/s
CARAUARI;AMAZONAS;30m/s
CAREIRO;AMAZONAS;30m/s
CAREIRO DA VÁRZEA;AMAZONAS;30m/s
COARI;AMAZONAS;30m/s
CODAJÁS;AMAZONAS;30m/s
EIRUNEPÉ;AMAZONAS;30m/s
ENVIRA;AMAZONAS;30m/s
FONTE BOA;AMAZONAS;35m/s
GUAJARÁ;AMAZONAS;30m/s
HUMAITÁ;AMAZONAS;30m/s
IPIXUNA;AMAZONAS;30m/s
IRANDUBA;AMAZONAS;30m/s
ITACOATIARA;AMAZONAS;30m/s
ITAMARATI;AMAZONAS;30m/s
ITAPIRANGA;AMAZONAS;30m/s
JAPURÁ;AMAZONAS;35m/s
JURUÁ;AMAZONAS;35m/s
JUTAÍ;AMAZONAS;35m/s
LÁBREA;AMAZONAS;30m/s
MANACAPURU;AMAZONAS;30m/s
MANAQUIRI;AMAZONAS;30m/s
MANAUS;AMAZONAS;30m/s
MANICORÉ;AMAZONAS;30m/s
MARAÃ;AMAZONAS;35m/s
MAUÉS;AMAZONAS;30m/s
NHAMUNDÁ;AMAZONAS;30m/s
NOVA OLINDA DO NORTE;AMAZONAS;30m/s
NOVO AIRÃO;AMAZONAS;30m/s
NOVO ARIPUANÃ;AMAZONAS;30m/s
PARINTINS;AMAZONAS;30m/s
PAUINI;AMAZONAS;30m/s
PRESIDENTE FIGUEIREDO;AMAZONAS;30m/s
RIO PRETO DA EVA;AMAZONAS;30m/s
SANTA ISABEL DO RIO NEGRO;AMAZONAS;35m/s
SANTO ANTÔNIO DO IÇÁ;AMAZONAS;35m/s
SÃO GABRIEL DA CACHOEIRA;AMAZONAS;35m/s
SÃO PAULO DE OLIVENÇA;AMAZONAS;30m/s
SÃO SEBASTIÃO DO UATUMÃ;AMAZONAS;30m/s
SILVES;AMAZONAS;30m/s
TABATINGA;AMAZONAS;30m/s
TAPAUÁ;AMAZONAS;30m/s
TEFÉ;AMAZONAS;35m/s
TONANTINS;AMAZONAS;35m/s
UARINI;AMAZONAS;35m/s
URUCARÁ;AMAZONAS;30m/s
URUCURITUBA;AMAZONAS;30m/s
ABAÍRA;BAHIA;30m/s
ABARÉ;BAHIA;30m/s
ACAJUTIBA;BAHIA;30m/s
ADUSTINA;BAHIA;30m/s
ÁGUA FRIA;BAHIA;30m/s
AIQUARA;BAHIA;30m/s
ALAGOINHAS;BAHIA;30m/s
ALCOBAÇA;BAHIA;30m/s
ALMADINA;BAHIA;30m/s
AMARGOSA;BAHIA;30m/s
AMÉLIA RODRIGUES;BAHIA;30m/s
AMÉRICA DOURADA;BAHIA;30m/s
ANAGÉ;BAHIA;30m/s
ANDARAÍ;BAHIA;30m/s
ANDORINHA;BAHIA;30m/s
ANGICAL;BAHIA;30m/s
ANGUERA;BAHIA;30m/s
ANTAS;BAHIA;30m/s
ANTÔNIO CARDOSO;BAHIA;30m/s
ANTÔNIO GONÇALVES;BAHIA;30m/s
APORÁ;BAHIA;30m/s
APUAREMA;BAHIA;30m/s
ARAÇAS;BAHIA;30m/s
ARACATU;BAHIA;30m/s
ARACI;BAHIA;30m/s
ARAMARI;BAHIA;30m/s
ARATACA;BAHIA;30m/s
ARATUÍPE;BAHIA;30m/s
AURELINO LEAL;BAHIA;30m/s
BAIANÓPOLIS;BAHIA;30m/s
BAIXA GRANDE;BAHIA;30m/s
BANZAÊ;BAHIA;30m/s
BARRA;BAHIA;30m/s
BARRA DA ESTIVA;BAHIA;30m/s
BARRA DO CHOÇA;BAHIA;30m/s
BARRA DO MENDES;BAHIA;30m/s
BARRA DO ROCHA;BAHIA;30m/s
BARREIRAS;BAHIA;30m/s
BARRO ALTO;BAHIA;30m/s
BARRO PRETO;BAHIA;30m/s
BARROCAS;BAHIA;30m/s
BELMONTE;BAHIA;30m/s
BELO CAMPO;BAHIA;30m/s
BIRITINGA;BAHIA;30m/s
BOA NOVA;BAHIA;30m/s
BOA VISTA DO TUPIM;BAHIA;30m/s
BOM JESUS DA LAPA;BAHIA;30m/s
BOM JESUS DA SERRA;BAHIA;30m/s
BONINAL;BAHIA;30m/s
BONITO;BAHIA;30m/s
BOQUIRA;BAHIA;30m/s
BOTUPORÃ;BAHIA;30m/s
BREJÕES;BAHIA;30m/s
BREJOLÂNDIA;BAHIA;30m/s
BROTAS DE MACAÚBAS;BAHIA;30m/s
BRUMADO;BAHIA;30m/s
BUERAREMA;BAHIA;30m/s
BURITIRAMA;BAHIA;30m/s
CAATIBA;BAHIA;30m/s
CABACEIRAS DO PARAGUAÇU;BAHIA;30m/s
CACHOEIRA;BAHIA;30m/s
CACULÉ;BAHIA;30m/s
CAÉM;BAHIA;30m/s
CAETANOS;BAHIA;30m/s
CAETITÉ;BAHIA;30m/s
CAFARNAUM;BAHIA;30m/s
CAIRU;BAHIA;30m/s
CALDEIRÃO GRANDE;BAHIA;30m/s
CAMACAN;BAHIA;30m/s
CAMAÇARI;BAHIA;30m/s
CAMAMU;BAHIA;30m/s
CAMPO ALEGRE DE LOURDES;BAHIA;30m/s
CAMPO FORMOSO;BAHIA;30m/s
CANÁPOLIS;BAHIA;30m/s
CANARANA;BAHIA;30m/s
CANAVIEIRAS;BAHIA;30m/s
CANDEAL;BAHIA;30m/s
CANDEIAS;BAHIA;30m/s
CANDIBA;BAHIA;30m/s
CÂNDIDO SALES;BAHIA;30m/s
CANSANÇÃO;BAHIA;30m/s
CANUDOS;BAHIA;30m/s
CAPELA DO ALTO ALEGRE;BAHIA;30m/s
CAPIM GROSSO;BAHIA;30m/s
CARAÍBAS;BAHIA;30m/s
CARAVELAS;BAHIA;30m/s
CARDEAL DA SILVA;BAHIA;30m/s
CARINHANHA;BAHIA;30m/s
CASA NOVA;BAHIA;30m/s
CASTRO ALVES;BAHIA;30m/s
CATOLÂNDIA;BAHIA;30m/s
CATU;BAHIA;30m/s
CATURAMA;BAHIA;30m/s
CENTRAL;BAHIA;30m/s
CHORROCHÓ;BAHIA;30m/s
CÍCERO DANTAS;BAHIA;30m/s
CIPÓ;BAHIA;30m/s
COARACI;BAHIA;30m/s
COCOS;BAHIA;30m/s
CONCEIÇÃO DA FEIRA;BAHIA;30m/s
CONCEIÇÃO DO ALMEIDA;BAHIA;30m/s
CONCEIÇÃO DO COITÉ;BAHIA;30m/s
CONCEIÇÃO DO JACUÍPE;BAHIA;30m/s
CONDE;BAHIA;30m/s
CONDEÚBA;BAHIA;30m/s
CONTENDAS DO SINCORÁ;BAHIA;30m/s
CORAÇÃO DE MARIA;BAHIA;30m/s
CORDEIROS;BAHIA;30m/s
CORIBE;BAHIA;30m/s
CORONEL JOÃO SÁ;BAHIA;30m/s
CORRENTINA;BAHIA;30m/s
COTEGIPE;BAHIA;30m/s
CRAVOLÂNDIA;BAHIA;30m/s
CRISÓPOLIS;BAHIA;30m/s
CRISTÓPOLIS;BAHIA;30m/s
CRUZ DAS ALMAS;BAHIA;30m/s
CURAÇÁ;BAHIA;30m/s
DÁRIO MEIRA;BAHIA;30m/s
DIAS D'ÁVILA;BAHIA;30m/s
DOM BASÍLIO;BAHIA;30m/s
DOM MACEDO COSTA;BAHIA;30m/s
ELÍSIO MEDRADO;BAHIA;30m/s
ENCRUZILHADA;BAHIA;30m/s
ENTRE RIOS;BAHIA;30m/s
ÉRICO CARDOSO;BAHIA;30m/s
ESPLANADA;BAHIA;30m/s
EUCLIDES DA CUNHA;BAHIA;30m/s
EUNÁPOLIS;BAHIA;30m/s
FÁTIMA;BAHIA;30m/s
FEIRA DA MATA;BAHIA;30m/s
FEIRA DE SANTANA;BAHIA;30m/s
FILADÉLFIA;BAHIA;30m/s
FIRMINO ALVES;BAHIA;30m/s
FLORESTA AZUL;BAHIA;30m/s
FORMOSA DO RIO PRETO;BAHIA;30m/s
GANDU;BAHIA;30m/s
GAVIÃO;BAHIA;30m/s
GENTIO DO OURO;BAHIA;30m/s
GLÓRIA;BAHIA;30m/s
GONGOGI;BAHIA;30m/s
GOVERNADOR MANGABEIRA;BAHIA;30m/s
GUAJERU;BAHIA;30m/s
GUANAMBI;BAHIA;30m/s
GUARATINGA;BAHIA;30m/s
HELIÓPOLIS;BAHIA;30m/s
IAÇU;BAHIA;30m/s
IBIASSUCÊ;BAHIA;30m/s
IBICARAÍ;BAHIA;30m/s
IBICOARA;BAHIA;30m/s
IBICUÍ;BAHIA;30m/s
IBIPEBA;BAHIA;30m/s
IBIPITANGA;BAHIA;30m/s
IBIQUERA;BAHIA;30m/s
IBIRAPITANGA;BAHIA;30m/s
IBIRAPUÃ;BAHIA;30m/s
IBIRATAIA;BAHIA;30m/s
IBITIARA;BAHIA;30m/s
IBITITÁ;BAHIA;30m/s
IBOTIRAMA;BAHIA;30m/s
ICHU;BAHIA;30m/s
IGAPORÃ;BAHIA;30m/s
IGRAPIÚNA;BAHIA;30m/s
IGUAÍ;BAHIA;30m/s
ILHÉUS;BAHIA;30m/s
INHAMBUPE;BAHIA;30m/s
IPECAETÁ;BAHIA;30m/s
IPIAÚ;BAHIA;30m/s
IPIRÁ;BAHIA;30m/s
IPUPIARA;BAHIA;30m/s
IRAJUBA;BAHIA;30m/s
IRAMAIA;BAHIA;30m/s
IRAQUARA;BAHIA;30m/s
IRARÁ;BAHIA;30m/s
IRECÊ;BAHIA;30m/s
ITABELA;BAHIA;30m/s
ITABERABA;BAHIA;30m/s
ITABUNA;BAHIA;30m/s
ITACARÉ;BAHIA;30m/s
ITAETÉ;BAHIA;30m/s
ITAGI;BAHIA;30m/s
ITAGIBÁ;BAHIA;30m/s
ITAGIMIRIM;BAHIA;30m/s
ITAGUAÇU DA BAHIA;BAHIA;30m/s
ITAJU DO COLÔNIA;BAHIA;30m/s
ITAJUÍPE;BAHIA;30m/s
ITAMARAJU;BAHIA;30m/s
ITAMARI;BAHIA;30m/s
ITAMBÉ;BAHIA;30m/s
ITANAGRA;BAHIA;30m/s
ITANHÉM;BAHIA;30m/s
ITAPARICA;BAHIA;30m/s
ITAPÉ;BAHIA;30m/s
ITAPEBI;BAHIA;30m/s
ITAPETINGA;BAHIA;30m/s
ITAPICURU;BAHIA;30m/s
ITAPITANGA;BAHIA;30m/s
ITAQUARA;BAHIA;30m/s
ITARANTIM;BAHIA;30m/s
ITATIM;BAHIA;30m/s
ITIRUÇU;BAHIA;30m/s
ITIÚBA;BAHIA;30m/s
ITORORÓ;BAHIA;30m/s
ITUAÇU;BAHIA;30m/s
ITUBERÁ;BAHIA;30m/s
IUIÚ;BAHIA;30m/s
JABORANDI;BAHIA;30m/s
JACARACI;BAHIA;30m/s
JACOBINA;BAHIA;30m/s
JAGUAQUARA;BAHIA;30m/s
JAGUARARI;BAHIA;30m/s
JAGUARIPE;BAHIA;30m/s
JANDAÍRA;BAHIA;30m/s
JEQUIÉ;BAHIA;30m/s
JEREMOABO;BAHIA;30m/s
JIQUIRIÇÁ;BAHIA;30m/s
JITAÚNA;BAHIA;30m/s
JOÃO DOURADO;BAHIA;30m/s
JUAZEIRO;BAHIA;30m/s
JUCURUÇU;BAHIA;30m/s
JUSSARA;BAHIA;30m/s
JUSSARI;BAHIA;30m/s
JUSSIAPE;BAHIA;30m/s
LAFAIETE COUTINHO;BAHIA;30m/s
LAGOA REAL;BAHIA;30m/s
LAJE;BAHIA;30m/s
LAJEDÃO;BAHIA;30m/s
LAJEDINHO;BAHIA;30m/s
LAJEDO DO TABOCAL;BAHIA;30m/s
LAMARÃO;BAHIA;30m/s
LAPÃO;BAHIA;30m/s
LAURO DE FREITAS;BAHIA;30m/s
LENÇÓIS;BAHIA;30m/s
LICÍNIO DE ALMEIDA;BAHIA;30m/s
LIVRAMENTO DE NOSSA SENHORA;BAHIA;30m/s
LUÍS EDUARDO MAGALHÃES;BAHIA;30m/s
MACAJUBA;BAHIA;30m/s
MACARANI;BAHIA;30m/s
MACAÚBAS;BAHIA;30m/s
MACURURÉ;BAHIA;30m/s
MADRE DE DEUS;BAHIA;30m/s
MAETINGA;BAHIA;30m/s
MAIQUINIQUE;BAHIA;30m/s
MAIRI;BAHIA;30m/s
MALHADA;BAHIA;30m/s
MALHADA DE PEDRAS;BAHIA;30m/s
MANOEL VITORINO;BAHIA;30m/s
MANSIDÃO;BAHIA;30m/s
MARACÁS;BAHIA;30m/s
MARAGOGIPE;BAHIA;30m/s
MARAÚ;BAHIA;30m/s
MARCIONÍLIO SOUZA;BAHIA;30m/s
MASCOTE;BAHIA;30m/s
MATA DE SÃO JOÃO;BAHIA;30m/s
MATINA;BAHIA;30m/s
MEDEIROS NETO;BAHIA;30m/s
MIGUEL CALMON;BAHIA;30m/s
MILAGRES;BAHIA;30m/s
MIRANGABA;BAHIA;30m/s
MIRANTE;BAHIA;30m/s
MONTE SANTO;BAHIA;30m/s
MORPARÁ;BAHIA;30m/s
MORRO DO CHAPÉU;BAHIA;30m/s
MORTUGABA;BAHIA;30m/s
MUCUGÊ;BAHIA;30m/s
MUCURI;BAHIA;30m/s
MULUNGU DO MORRO;BAHIA;30m/s
MUNDO NOVO;BAHIA;30m/s
MUNIZ FERREIRA;BAHIA;30m/s
MUQUÉM DE SÃO FRANCISCO;BAHIA;30m/s
MURITIBA;BAHIA;30m/s
MUTUÍPE;BAHIA;30m/s
NAZARÉ;BAHIA;30m/s
NILO PEÇANHA;BAHIA;30m/s
NORDESTINA;BAHIA;30m/s
NOVA CANAÃ;BAHIA;30m/s
NOVA FÁTIMA;BAHIA;30m/s
NOVA IBIÁ;BAHIA;30m/s
NOVA ITARANA;BAHIA;30m/s
NOVA REDENÇÃO;BAHIA;30m/s
NOVA SOURE;BAHIA;30m/s
NOVA VIÇOSA;BAHIA;30m/s
NOVO HORIZONTE;BAHIA;30m/s
NOVO TRIUNFO;BAHIA;30m/s
OLINDINA;BAHIA;30m/s
OLIVEIRA DOS BREJINHOS;BAHIA;30m/s
OURIÇANGAS;BAHIA;30m/s
OUROLÂNDIA;BAHIA;30m/s
PALMAS DE MONTE ALTO;BAHIA;30m/s
PALMEIRAS;BAHIA;30m/s
PARAMIRIM;BAHIA;30m/s
PARATINGA;BAHIA;30m/s
PARIPIRANGA;BAHIA;30m/s
PAU BRASIL;BAHIA;30m/s
PAULO AFONSO;BAHIA;30m/s
PÉ DE SERRA;BAHIA;30m/s
PEDRÃO;BAHIA;30m/s
PEDRO ALEXANDRE;BAHIA;30m/s
PIATÃ;BAHIA;30m/s
PILÃO ARCADO;BAHIA;30m/s
PINDAÍ;BAHIA;30m/s
PINDOBAÇU;BAHIA;30m/s
PINTADAS;BAHIA;30m/s
PIRAÍ DO NORTE;BAHIA;30m/s
PIRIPÁ;BAHIA;30m/s
PIRITIBA;BAHIA;30m/s
PLANALTINO;BAHIA;30m/s
PLANALTO;BAHIA;30m/s
POÇÕES;BAHIA;30m/s
POJUCA;BAHIA;30m/s
PONTO NOVO;BAHIA;30m/s
PORTO SEGURO;BAHIA;30m/s
POTIRAGUÁ;BAHIA;30m/s
PRADO;BAHIA;30m/s
PRESIDENTE DUTRA;BAHIA;30m/s
PRESIDENTE JÂNIO QUADROS;BAHIA;30m/s
PRESIDENTE TANCREDO NEVES;BAHIA;30m/s
QUEIMADAS;BAHIA;30m/s
QUIJINGUE;BAHIA;30m/s
QUIXABEIRA;BAHIA;30m/s
RAFAEL JAMBEIRO;BAHIA;30m/s
REMANSO;BAHIA;30m/s
RETIROLÂNDIA;BAHIA;30m/s
RIACHÃO DAS NEVES;BAHIA;30m/s
RIACHÃO DO JACUÍPE;BAHIA;30m/s
RIACHO DE SANTANA;BAHIA;30m/s
RIBEIRA DO AMPARO;BAHIA;30m/s
RIBEIRA DO POMBAL;BAHIA;30m/s
RIBEIRÃO DO LARGO;BAHIA;30m/s
RIO DE CONTAS;BAHIA;30m/s
RIO DO ANTÔNIO;BAHIA;30m/s
RIO DO PIRES;BAHIA;30m/s
RIO REAL;BAHIA;30m/s
RODELAS;BAHIA;30m/s
RUY BARBOSA;BAHIA;30m/s
SALINAS DA MARGARIDA;BAHIA;30m/s
SALVADOR;BAHIA;30m/s
SANTA BÁRBARA;BAHIA;30m/s
SANTA BRÍGIDA;BAHIA;30m/s
SANTA CRUZ CABRÁLIA;BAHIA;30m/s
SANTA CRUZ DA VITÓRIA;BAHIA;30m/s
SANTA INÊS;BAHIA;30m/s
SANTA LUZIA;BAHIA;30m/s
SANTA MARIA DA VITÓRIA;BAHIA;30m/s
SANTA RITA DE CÁSSIA;BAHIA;30m/s
SANTA TERESINHA;BAHIA;30m/s
SANTALUZ;BAHIA;30m/s
SANTANA;BAHIA;30m/s
SANTANÓPOLIS;BAHIA;30m/s
SANTO AMARO;BAHIA;30m/s
SANTO ANTÔNIO DE JESUS;BAHIA;30m/s
SANTO ESTÊVÃO;BAHIA;30m/s
SÃO DESIDÉRIO;BAHIA;30m/s
SÃO DOMINGOS;BAHIA;30m/s
SÃO FELIPE;BAHIA;30m/s
SÃO FÉLIX;BAHIA;30m/s
SÃO FÉLIX DO CORIBE;BAHIA;30m/s
SÃO FRANCISCO DO CONDE;BAHIA;30m/s
SÃO GABRIEL;BAHIA;30m/s
SÃO GONÇALO DOS CAMPOS;BAHIA;30m/s
SÃO JOSÉ DA VITÓRIA;BAHIA;30m/s
SÃO JOSÉ DO JACUÍPE;BAHIA;30m/s
SÃO MIGUEL DAS MATAS;BAHIA;30m/s
SÃO SEBASTIÃO DO PASSÉ;BAHIA;30m/s
SAPEAÇU;BAHIA;30m/s
SÁTIRO DIAS;BAHIA;30m/s
SAUBARA;BAHIA;30m/s
SAÚDE;BAHIA;30m/s
SEABRA;BAHIA;30m/s
SEBASTIÃO LARANJEIRAS;BAHIA;30m/s
SENHOR DO BONFIM;BAHIA;30m/s
SENTO SÉ;BAHIA;30m/s
SERRA DO RAMALHO;BAHIA;30m/s
SERRA DOURADA;BAHIA;30m/s
SERRA PRETA;BAHIA;30m/s
SERRINHA;BAHIA;30m/s
SERROLÂNDIA;BAHIA;30m/s
SIMÕES FILHO;BAHIA;30m/s
SÍTIO DO MATO;BAHIA;30m/s
SÍTIO DO QUINTO;BAHIA;30m/s
SOBRADINHO;BAHIA;30m/s
SOUTO SOARES;BAHIA;30m/s
TABOCAS DO BREJO VELHO;BAHIA;30m/s
TANHAÇU;BAHIA;30m/s
TANQUE NOVO;BAHIA;30m/s
TANQUINHO;BAHIA;30m/s
TAPEROÁ;BAHIA;30m/s
TAPIRAMUTÁ;BAHIA;30m/s
TEIXEIRA DE FREITAS;BAHIA;30m/s
TEODORO SAMPAIO;BAHIA;30m/s
TEOFILÂNDIA;BAHIA;30m/s
TEOLÂNDIA;BAHIA;30m/s
TERRA NOVA;BAHIA;30m/s
TREMEDAL;BAHIA;30m/s
TUCANO;BAHIA;30m/s
UAUÁ;BAHIA;30m/s
UBAroses;BAHIA;30m/s
UBAÍRA;BAHIA;30m/s
UBAITABA;BAHIA;30m/s
UBATÃ;BAHIA;30m/s
UIBAÍ;BAHIA;30m/s
UMBURANAS;BAHIA;30m/s
UNA;BAHIA;30m/s
URANDI;BAHIA;30m/s
URUÇUCA;BAHIA;30m/s
UTINGA;BAHIA;30m/s
VALENÇA;BAHIA;30m/s
VALENTE;BAHIA;30m/s
VÁRZEA DA ROÇA;BAHIA;30m/s
VÁRZEA DO POÇO;BAHIA;30m/s
VÁRZEA NOVA;BAHIA;30m/s
VARZEDO;BAHIA;30m/s
VERA CRUZ;BAHIA;30m/s
VEREDA;BAHIA;30m/s
VITÓRIA DA CONQUISTA;BAHIA;30m/s
WAGNER;BAHIA;30m/s
WANDERLEY;BAHIA;30m/s
WENCESLAU GUIMARÃES;BAHIA;30m/s
XIQUE-XIQUE;BAHIA;30m/s
ABAIARA;CEARÁ;30m/s
ACARAPE;CEARÁ;30m/s
ACARAÚ;CEARÁ;30m/s
ACOPIARA;CEARÁ;30m/s
AIUABA;CEARÁ;30m/s
ALCÂNTARAS;CEARÁ;30m/s
ALTANEIRA;CEARÁ;30m/s
ALTO SANTO;CEARÁ;30m/s
AMONTADA;CEARÁ;30m/s
ANTONINA DO NORTE;CEARÁ;30m/s
APUIARÉS;CEARÁ;30m/s
AQUIRAZ;CEARÁ;30m/s
ARACATI;CEARÁ;30m/s
ARACOIABA;CEARÁ;30m/s
ARARENDÁ;CEARÁ;30m/s
ARARIPE;CEARÁ;30m/s
ARATUBA;CEARÁ;30m/s
ARNEIROZ;CEARÁ;30m/s
ASSARÉ;CEARÁ;30m/s
AURORA;CEARÁ;30m/s
BAIXIO;CEARÁ;30m/s
BANABUIÚ;CEARÁ;30m/s
BARBALHA;CEARÁ;30m/s
BARREIRA;CEARÁ;30m/s
BARRO;CEARÁ;30m/s
BARROQUINHA;CEARÁ;30m/s
BATURITÉ;CEARÁ;30m/s
BEBERIBE;CEARÁ;30m/s
BELA CRUZ;CEARÁ;30m/s
BOA VIAGEM;CEARÁ;30m/s
BREJO SANTO;CEARÁ;30m/s
CAMOCIM;CEARÁ;30m/s
CAMPOS SALES;CEARÁ;30m/s
CANINDÉ;CEARÁ;30m/s
CAPISTRANO;CEARÁ;30m/s
CARIDADE;CEARÁ;30m/s
CARIRÉ;CEARÁ;30m/s
CARIRIAÇU;CEARÁ;30m/s
CARIÚS;CEARÁ;30m/s
CARNAUBAL;CEARÁ;30m/s
CASCAVEL;CEARÁ;30m/s
CATARINA;CEARÁ;30m/s
CATUNDA;CEARÁ;30m/s
CAUCAIA;CEARÁ;30m/s
CEDRO;CEARÁ;30m/s
CHAVAL;CEARÁ;30m/s
CHORÓ;CEARÁ;30m/s
CHOROZINHO;CEARÁ;30m/s
COREAÚ;CEARÁ;30m/s
CRATEÚS;CEARÁ;30m/s
CRATO;CEARÁ;30m/s
CROATÁ;CEARÁ;30m/s
CRUZ;CEARÁ;30m/s
DEPUTADO IRAPUAN PINHEIRO;CEARÁ;30m/s
ERERÊ;CEARÁ;30m/s
EUSÉBIO;CEARÁ;30m/s
FARIAS BRITO;CEARÁ;30m/s
FORQUILHA;CEARÁ;30m/s
FORTALEZA;CEARÁ;30m/s
FORTIM;CEARÁ;30m/s
FRECHEIRINHA;CEARÁ;30m/s
GENERAL SAMPAIO;CEARÁ;30m/s
GRAÇA;CEARÁ;30m/s
GRANJA;CEARÁ;30m/s
GRANJEIRO;CEARÁ;30m/s
GROAÍRAS;CEARÁ;30m/s
GUAIÚBA;CEARÁ;30m/s
GUARACIABA DO NORTE;CEARÁ;30m/s
GUARAMIRANGA;CEARÁ;30m/s
HIDROLÂNDIA;CEARÁ;30m/s
HORIZONTE;CEARÁ;30m/s
IBARETAMA;CEARÁ;30m/s
IBIAPINA;CEARÁ;30m/s
IBICUITINGA;CEARÁ;30m/s
ICAPUÍ;CEARÁ;30m/s
ICÓ;CEARÁ;30m/s
IGUATU;CEARÁ;30m/s
INDEPENDÊNCIA;CEARÁ;30m/s
IPAPORANGA;CEARÁ;30m/s
IPAUMIRIM;CEARÁ;30m/s
IPU;CEARÁ;30m/s
IPUEIRAS;CEARÁ;30m/s
IRACEMA;CEARÁ;30m/s
IRAUÇUBA;CEARÁ;30m/s
ITAIÇABA;CEARÁ;30m/s
ITAITINGA;CEARÁ;30m/s
ITAPAGÉ;CEARÁ;30m/s
ITAPIPOCA;CEARÁ;30m/s
ITAPIÚNA;CEARÁ;30m/s
ITAREMA;CEARÁ;30m/s
ITATIRA;CEARÁ;30m/s
JAGUARETAMA;CEARÁ;30m/s
JAGUARIBARA;CEARÁ;30m/s
JAGUARIBE;CEARÁ;30m/s
JAGUARUANA;CEARÁ;30m/s
JARDIM;CEARÁ;30m/s
JATI;CEARÁ;30m/s
JIJOCA DE JERICOACOARA;CEARÁ;30m/s
JUAZEIRO DO NORTE;CEARÁ;30m/s
JUCÁS;CEARÁ;30m/s
LAVRAS DA MANGABEIRA;CEARÁ;30m/s
LIMOEIRO DO NORTE;CEARÁ;30m/s
MADALENA;CEARÁ;30m/s
MARACANAÚ;CEARÁ;30m/s
MARANGUAPE;CEARÁ;30m/s
MARCO;CEARÁ;30m/s
MARTINÓPOLE;CEARÁ;30m/s
MASSAPÊ;CEARÁ;30m/s
MAURITI;CEARÁ;30m/s
MERUOCA;CEARÁ;30m/s
MILAGRES;CEARÁ;30m/s
MILHÃ;CEARÁ;30m/s
MIRAÍMA;CEARÁ;30m/s
MISSÃO VELHA;CEARÁ;30m/s
MOMBAÇA;CEARÁ;30m/s
MONSENHOR TABOSA;CEARÁ;30m/s
MORADA NOVA;CEARÁ;30m/s
MORAÚJO;CEARÁ;30m/s
MORRINHOS;CEARÁ;30m/s
MUCAMBO;CEARÁ;30m/s
MULUNGU;CEARÁ;30m/s
NOVA OLINDA;CEARÁ;30m/s
NOVA RUSSAS;CEARÁ;30m/s
NOVO ORIENTE;CEARÁ;30m/s
OCARA;CEARÁ;30m/s
ORÓS;CEARÁ;30m/s
PACAJUS;CEARÁ;30m/s
PACATUBA;CEARÁ;30m/s
PACOTI;CEARÁ;30m/s
PACUJÁ;CEARÁ;30m/s
PALHANO;CEARÁ;30m/s
PALMÁCIA;CEARÁ;30m/s
PARACURU;CEARÁ;30m/s
PARAIPABA;CEARÁ;30m/s
PARAMBU;CEARÁ;30m/s
PARAMOTI;CEARÁ;30m/s
PEDRA BRANCA;CEARÁ;30m/s
PENAFORTE;CEARÁ;30m/s
PENTECOSTE;CEARÁ;30m/s
PEREIRO;CEARÁ;30m/s
PINDORETAMA;CEARÁ;30m/s
PIQUET CARNEIRO;CEARÁ;30m/s
PIRES FERREIRA;CEARÁ;30m/s
PORANGA;CEARÁ;30m/s
PORTEIRAS;CEARÁ;30m/s
POTENGI;CEARÁ;30m/s
POTIRETAMA;CEARÁ;30m/s
QUITERIANÓPOLIS;CEARÁ;30m/s
QUIXADÁ;CEARÁ;30m/s
QUIXELÔ;CEARÁ;30m/s
QUIXERAMOBIM;CEARÁ;30m/s
QUIXERÉ;CEARÁ;30m/s
REDENÇÃO;CEARÁ;30m/s
RERIUTABA;CEARÁ;30m/s
RUSSAS;CEARÁ;30m/s
SABOEIRO;CEARÁ;30m/s
SALITRE;CEARÁ;30m/s
SANTA QUITÉRIA;CEARÁ;30m/s
SANTANA DO ACARAÚ;CEARÁ;30m/s
SANTANA DO CARIRI;CEARÁ;30m/s
SÃO BENEDITO;CEARÁ;30m/s
SÃO GONÇALO DO AMARANTE;CEARÁ;30m/s
SÃO JOÃO DO JAGUARIBE;CEARÁ;30m/s
SÃO LUÍS DO CURU;CEARÁ;30m/s
SENADOR POMPEU;CEARÁ;30m/s
SENADOR SÁ;CEARÁ;30m/s
SOBRAL;CEARÁ;30m/s
SOLONÓPOLE;CEARÁ;30m/s
TABULEIRO DO NORTE;CEARÁ;30m/s
TAMBORIL;CEARÁ;30m/s
TARRAFAS;CEARÁ;30m/s
TAUÁ;CEARÁ;30m/s
TEJUÇUOCA;CEARÁ;30m/s
TIANGUÁ;CEARÁ;30m/s
TRAIRI;CEARÁ;30m/s
TURURU;CEARÁ;30m/s
UBAJARA;CEARÁ;30m/s
UMARI;CEARÁ;30m/s
UMIRIM;CEARÁ;30m/s
URUBURETAMA;CEARÁ;30m/s
URUOCA;CEARÁ;30m/s
VARJOTA;CEARÁ;30m/s
VÁRZEA ALEGRE;CEARÁ;30m/s
VIÇOSA DO CEARÁ;CEARÁ;30m/s
AFONSO CLÁUDIO;ESPÍRITO SANTO;35m/s
ÁGUA DOCE DO NORTE;ESPÍRITO SANTO;30m/s
ÁGUIA BRANCA;ESPÍRITO SANTO;30m/s
ALEGRE;ESPÍRITO SANTO;35m/s
ALFREDO CHAVES;ESPÍRITO SANTO;35m/s
ALTO RIO NOVO;ESPÍRITO SANTO;35m/s
ANCHIETA;ESPÍRITO SANTO;35m/s
APIACÁ;ESPÍRITO SANTO;35m/s
ARACRUZ;ESPÍRITO SANTO;35m/s
ATILIO VIVACQUA;ESPÍRITO SANTO;35m/s
BAIXO GUANDU;ESPÍRITO SANTO;35m/s
BARRA DE SÃO FRANCISCO;ESPÍRITO SANTO;30m/s
BOA ESPERANÇA;ESPÍRITO SANTO;30m/s
BOM JESUS DO NORTE;ESPÍRITO SANTO;35m/s
BREJETUBA;ESPÍRITO SANTO;35m/s
CACHOEIRO DE ITAPEMIRIM;ESPÍRITO SANTO;35m/s
CARIACICA;ESPÍRITO SANTO;35m/s
CASTELO;ESPÍRITO SANTO;35m/s
COLATINA;ESPÍRITO SANTO;35m/s
CONCEIÇÃO DA BARRA;ESPÍRITO SANTO;30m/s
CONCEIÇÃO DO CASTELO;ESPÍRITO SANTO;35m/s
DIVINO DE SÃO LOURENÇO;ESPÍRITO SANTO;35m/s
DOMINGOS MARTINS;ESPÍRITO SANTO;35m/s
DORES DO RIO PRETO;ESPÍRITO SANTO;35m/s
ECOPORANGA;ESPÍRITO SANTO;30m/s
FUNDÃO;ESPÍRITO SANTO;35m/s
GOVERNADOR LINDENBERG;ESPÍRITO SANTO;35m/s
GUAÇUÍ;ESPÍRITO SANTO;35m/s
GUARAPARI;ESPÍRITO SANTO;35m/s
IBATIBA;ESPÍRITO SANTO;35m/s
IBIRAÇU;ESPÍRITO SANTO;35m/s
IBITIRAMA;ESPÍRITO SANTO;35m/s
ICONHA;ESPÍRITO SANTO;35m/s
IRUPI;ESPÍRITO SANTO;35m/s
ITAGUAÇU;ESPÍRITO SANTO;35m/s
ITAPEMIRIM;ESPÍRITO SANTO;35m/s
ITARANA;ESPÍRITO SANTO;35m/s
IÚNA;ESPÍRITO SANTO;35m/s
JAGUARÉ;ESPÍRITO SANTO;30m/s
JERÔNIMO MONTEIRO;ESPÍRITO SANTO;35m/s
JOÃO NEIVA;ESPÍRITO SANTO;35m/s
LARANJA DA TERRA;ESPÍRITO SANTO;35m/s
LINHARES;ESPÍRITO SANTO;35m/s
MANTENÓPOLIS;ESPÍRITO SANTO;30m/s
MARATAÍZES;ESPÍRITO SANTO;35m/s
MARECHAL FLORIANO;ESPÍRITO SANTO;35m/s
MARILÂNDIA;ESPÍRITO SANTO;35m/s
MIMOSO DO SUL;ESPÍRITO SANTO;35m/s
MONTANHA;ESPÍRITO SANTO;30m/s
MUCURICI;ESPÍRITO SANTO;30m/s
MUNIZ FREIRE;ESPÍRITO SANTO;35m/s
MUQUI;ESPÍRITO SANTO;35m/s
NOVA VENÉCIA;ESPÍRITO SANTO;30m/s
PANCAS;ESPÍRITO SANTO;35m/s
PEDRO CANÁRIO;ESPÍRITO SANTO;30m/s
PINHEIROS;ESPÍRITO SANTO;30m/s
PIÚMA;ESPÍRITO SANTO;35m/s
PONTO BELO;ESPÍRITO SANTO;30m/s
PRESIDENTE KENNEDY;ESPÍRITO SANTO;35m/s
RIO BANANAL;ESPÍRITO SANTO;35m/s
RIO NOVO DO SUL;ESPÍRITO SANTO;35m/s
SANTA LEOPOLDINA;ESPÍRITO SANTO;35m/s
SANTA MARIA DE JETIBÁ;ESPÍRITO SANTO;35m/s
SANTA TERESA;ESPÍRITO SANTO;35m/s
SÃO DOMINGOS DO NORTE;ESPÍRITO SANTO;35m/s
SÃO GABRIEL DA PALHA;ESPÍRITO SANTO;35m/s
SÃO JOSÉ DO CALÇADO;ESPÍRITO SANTO;35m/s
SÃO MATEUS;ESPÍRITO SANTO;30m/s
SÃO ROQUE DO CANAÃ;ESPÍRITO SANTO;35m/s
SERRA;ESPÍRITO SANTO;35m/s
SOORETAMA;ESPÍRITO SANTO;35m/s
VARGEM ALTA;ESPÍRITO SANTO;35m/s
VENDA NOVA DO IMIGRANTE;ESPÍRITO SANTO;35m/s
VIANA;ESPÍRITO SANTO;35m/s
VILA PAVÃO;ESPÍRITO SANTO;30m/s
VILA VALÉRIO;ESPÍRITO SANTO;30m/s
VILA VELHA;ESPÍRITO SANTO;35m/s
VITÓRIA;ESPÍRITO SANTO;35m/s
ABADIA DE GOIÁS;GOIÁS;35m/s
ABADIÂNIA;GOIÁS;30m/s
ACREÚNA;GOIÁS;35m/s
ADELÂNDIA;GOIÁS;30m/s
ÁGUA FRIA DE GOIÁS;GOIÁS;30m/s
ÁGUA LIMPA;GOIÁS;35m/s
ÁGUAS LINDAS DE GOIÁS;GOIÁS;35m/s
ALEXÂNIA;GOIÁS;30m/s
ALOÂNDIA;GOIÁS;35m/s
ALTO HORIZONTE;GOIÁS;30m/s
ALTO PARAÍSO DE GOIÁS;GOIÁS;30m/s
ALVORADA DO NORTE;GOIÁS;30m/s
AMARALINA;GOIÁS;30m/s
AMERICANO DO BRASIL;GOIÁS;30m/s
AMORINÓPOLIS;GOIÁS;35m/s
ANÁPOLIS;GOIÁS;30m/s
ANHANGUERA;GOIÁS;35m/s
ANICUNS;GOIÁS;30m/s
APARECIDA DE GOIÂNIA;GOIÁS;35m/s
APARECIDA DO RIO DOCE;GOIÁS;35m/s
APORÉ;GOIÁS;35m/s
ARAÇU;GOIÁS;30m/s
ARAGARÇAS;GOIÁS;30m/s
ARAGOIÂNIA;GOIÁS;35m/s
ARAGUAPAZ;GOIÁS;30m/s
ARENÓPOLIS;GOIÁS;35m/s
ARUANÃ;GOIÁS;30m/s
AURILÂNDIA;GOIÁS;35m/s
AVELINÓPOLIS;GOIÁS;30m/s
BALIZA;GOIÁS;35m/s
BARRO ALTO;GOIÁS;30m/s
BELA VISTA DE GOIÁS;GOIÁS;35m/s
BOM JARDIM DE GOIÁS;GOIÁS;35m/s
BOM JESUS DE GOIÁS;GOIÁS;35m/s
BONFINÓPOLIS;GOIÁS;35m/s
BONÓPOLIS;GOIÁS;30m/s
BRASÍLIA;GOIÁS;35m/s
BRA